-- MySQL dump 10.14  Distrib 5.5.52-MariaDB, for debian-linux-gnu (x86_64)
--
-- Host: localhost    Database: givershop_development
-- ------------------------------------------------------
-- Server version	5.5.52-MariaDB-1ubuntu0.14.04.1

/*!40101 SET @OLD_CHARACTER_SET_CLIENT=@@CHARACTER_SET_CLIENT */;
/*!40101 SET @OLD_CHARACTER_SET_RESULTS=@@CHARACTER_SET_RESULTS */;
/*!40101 SET @OLD_COLLATION_CONNECTION=@@COLLATION_CONNECTION */;
/*!40101 SET NAMES utf8 */;
/*!40103 SET @OLD_TIME_ZONE=@@TIME_ZONE */;
/*!40103 SET TIME_ZONE='+00:00' */;
/*!40014 SET @OLD_FOREIGN_KEY_CHECKS=@@FOREIGN_KEY_CHECKS, FOREIGN_KEY_CHECKS=0 */;
/*!40101 SET @OLD_SQL_MODE=@@SQL_MODE, SQL_MODE='NO_AUTO_VALUE_ON_ZERO' */;
/*!40111 SET @OLD_SQL_NOTES=@@SQL_NOTES, SQL_NOTES=0 */;

--
-- Dumping data for table `comments`
--

LOCK TABLES `comments` WRITE;
/*!40000 ALTER TABLE `comments` DISABLE KEYS */;
/*!40000 ALTER TABLE `comments` ENABLE KEYS */;
UNLOCK TABLES;

--
-- Dumping data for table `groups`
--

LOCK TABLES `groups` WRITE;
/*!40000 ALTER TABLE `groups` DISABLE KEYS */;
INSERT INTO `groups` (`id`, `name`, `settings`, `description`, `lists`, `notes`, `image_id`, `created_at`, `updated_at`) VALUES (1,'Gigner Group',NULL,NULL,NULL,NULL,NULL,'2016-10-04 10:30:10','2016-10-04 10:30:10');
/*!40000 ALTER TABLE `groups` ENABLE KEYS */;
UNLOCK TABLES;

--
-- Dumping data for table `inventories`
--

LOCK TABLES `inventories` WRITE;
/*!40000 ALTER TABLE `inventories` DISABLE KEYS */;
INSERT INTO `inventories` (`id`, `vendor_id`, `product_id`, `sku`, `quantity`, `price`, `location`, `notes`, `created_at`, `updated_at`) VALUES (7,1,1,NULL,NULL,4.20,NULL,NULL,'2016-07-22 19:50:38','2016-09-14 06:12:24'),(8,2,1,NULL,NULL,NULL,'Aisle 368','','2016-07-22 19:51:15','2016-07-22 19:51:15'),(10,4,1,NULL,NULL,0.01,'Who knows','','2016-07-22 19:53:01','2016-07-22 19:53:01'),(11,4,7,NULL,NULL,NULL,'Out back','','2016-07-22 22:05:58','2016-07-22 22:05:58'),(12,4,9,NULL,NULL,NULL,'???','','2016-07-23 11:28:15','2016-07-23 11:28:15'),(15,1,7,NULL,NULL,3999.97,'Aisle 20','Super overpriced','2016-07-27 17:13:18','2016-10-06 11:56:07'),(17,9,30,NULL,NULL,80.00,'Aisle 1',NULL,'2016-08-18 12:14:03','2016-09-24 06:53:11'),(18,9,31,NULL,NULL,5.00,'Aisle 2','','2016-08-18 12:15:26','2016-08-18 12:15:26'),(19,9,32,NULL,NULL,10.00,'\"Produce\"','Happy hay bales of wacky tobaccy','2016-08-18 12:17:30','2016-08-25 12:34:38'),(22,9,36,NULL,NULL,NULL,'Aisle 7','','2016-08-18 13:10:27','2016-08-18 13:10:27'),(23,9,33,NULL,NULL,NULL,'Aisle 7','','2016-08-18 13:10:48','2016-08-18 13:10:48'),(24,9,35,NULL,NULL,NULL,'Aisle 2','','2016-08-18 13:11:08','2016-08-18 13:11:08'),(25,9,34,NULL,NULL,NULL,'Aisle 2','','2016-08-18 13:11:35','2016-08-18 13:11:35'),(26,9,3,NULL,NULL,NULL,'Aisle 2','','2016-08-18 13:12:23','2016-08-18 13:12:23'),(27,9,37,NULL,NULL,NULL,'Aisle 1','','2016-08-18 13:13:07','2016-08-18 13:13:07'),(28,9,9,NULL,NULL,NULL,'Secret Aisle','','2016-08-24 12:14:29','2016-08-24 12:55:21'),(30,8,38,NULL,NULL,NULL,NULL,NULL,'2016-08-24 17:13:51','2016-08-24 17:13:51'),(31,8,40,NULL,NULL,NULL,NULL,NULL,'2016-08-24 17:14:12','2016-08-24 17:14:12'),(39,4,39,NULL,NULL,NULL,'..Produce',NULL,'2016-08-24 18:17:14','2016-09-25 19:53:20'),(40,2,39,NULL,NULL,NULL,NULL,NULL,'2016-08-24 18:18:20','2016-08-24 18:18:20'),(43,5,14,NULL,NULL,NULL,'Meat','','2016-08-24 18:58:44','2016-08-24 18:59:08'),(46,1,27,NULL,NULL,NULL,'..Produce','','2016-08-26 20:16:22','2016-09-04 12:29:23'),(47,9,7,NULL,NULL,NULL,NULL,NULL,'2016-09-03 00:23:31','2016-09-03 00:23:31'),(48,5,7,NULL,NULL,NULL,NULL,NULL,'2016-09-03 03:02:49','2016-09-03 03:02:49'),(50,1,25,NULL,NULL,NULL,'..Produce','','2016-09-04 12:29:55','2016-09-04 12:30:01'),(51,1,14,NULL,NULL,NULL,NULL,NULL,'2016-09-04 12:30:25','2016-09-14 06:12:24'),(52,1,35,NULL,NULL,NULL,'..Produce','','2016-09-04 12:33:11','2016-09-04 12:33:15'),(53,1,32,NULL,NULL,NULL,'..Produce','','2016-09-04 12:33:22','2016-09-04 12:33:25'),(55,1,43,NULL,NULL,NULL,'Meat!',NULL,'2016-09-04 12:36:01','2016-09-17 06:47:11'),(56,1,47,NULL,NULL,NULL,'Bakery',NULL,'2016-09-06 22:20:24','2016-09-14 06:11:17'),(57,1,41,NULL,NULL,NULL,'..Produce',NULL,'2016-09-06 22:27:51','2016-09-06 22:27:51'),(61,1,30,NULL,NULL,NULL,'Bakery',NULL,'2016-09-11 00:30:09','2016-09-14 06:11:17'),(81,13,41,NULL,NULL,NULL,'In the field',NULL,'2016-09-12 01:40:10','2016-09-12 23:29:10'),(82,13,39,NULL,NULL,NULL,'In the field',NULL,'2016-09-12 01:40:12','2016-09-12 23:29:10'),(83,1,17,NULL,NULL,NULL,NULL,NULL,'2016-09-14 06:12:24','2016-09-14 06:12:24'),(84,1,6,NULL,NULL,NULL,NULL,NULL,'2016-09-14 06:12:24','2016-09-14 06:12:24'),(85,1,2,NULL,NULL,NULL,NULL,NULL,'2016-09-14 06:12:24','2016-09-14 06:12:24'),(87,9,42,NULL,NULL,NULL,NULL,NULL,'2016-09-21 04:05:02','2016-09-21 04:05:02'),(91,8,51,NULL,NULL,NULL,NULL,NULL,'2016-09-23 12:26:37','2016-09-23 12:26:37'),(92,8,44,NULL,NULL,NULL,NULL,NULL,'2016-09-23 12:40:34','2016-09-23 12:40:34'),(94,4,41,NULL,NULL,NULL,'..Produce',NULL,'2016-09-25 19:53:20','2016-09-25 19:53:20'),(95,4,32,NULL,NULL,NULL,'..Produce',NULL,'2016-09-25 19:53:20','2016-09-25 19:53:20'),(96,4,28,NULL,NULL,NULL,'..Produce',NULL,'2016-09-25 19:53:20','2016-09-25 19:53:20'),(97,4,35,NULL,NULL,NULL,'..Produce',NULL,'2016-09-25 19:53:20','2016-09-25 19:53:20');
/*!40000 ALTER TABLE `inventories` ENABLE KEYS */;
UNLOCK TABLES;

--
-- Dumping data for table `items`
--

LOCK TABLES `items` WRITE;
/*!40000 ALTER TABLE `items` DISABLE KEYS */;
INSERT INTO `items` (`id`, `list_id`, `product_id`, `description`, `priority`, `checked`, `quantity`, `image_id`, `notes`, `created_at`, `updated_at`) VALUES (1,1,7,NULL,50,1,2048,NULL,'<<Release the illegal immigrants upon arrival>>','2016-07-13 20:08:27','2016-10-06 11:57:23'),(2,1,9,NULL,0,0,69,NULL,'\"Fun\" surprise x 42','2016-07-21 23:50:18','2016-09-08 02:45:06'),(3,1,1,NULL,50,1,42,NULL,'...but these four???','2016-07-22 00:18:17','2016-09-22 15:57:48'),(4,1,2,NULL,50,1,42,NULL,'','2016-07-22 00:18:59','2016-07-28 07:56:26'),(6,1,4,NULL,95,0,3,NULL,NULL,'2016-07-22 00:19:30','2016-09-22 15:48:48'),(7,1,6,NULL,50,1,56,NULL,'','2016-07-22 00:19:46','2016-07-28 07:56:14'),(8,2,8,NULL,50,0,1,NULL,'','2016-08-05 23:20:21','2016-08-05 23:20:21'),(9,2,10,NULL,50,0,1,NULL,'','2016-08-05 23:21:41','2016-08-05 23:21:41'),(10,2,11,NULL,50,0,1,NULL,'','2016-08-05 23:25:10','2016-08-05 23:25:10'),(12,2,13,NULL,50,0,6,NULL,'','2016-08-05 23:27:34','2016-08-05 23:27:34'),(13,2,12,NULL,50,0,420,NULL,'','2016-08-05 23:27:51','2016-08-06 08:16:38'),(15,1,14,NULL,50,0,NULL,NULL,NULL,'2016-08-06 00:41:03','2016-09-07 19:17:37'),(16,1,15,NULL,100,1,30,NULL,'Get the new num nums','2016-08-06 00:45:08','2016-09-18 09:12:24'),(19,1,16,NULL,50,0,89,NULL,'Even newer','2016-08-06 00:51:36','2016-08-24 13:32:47'),(22,2,14,NULL,50,0,1,NULL,NULL,'2016-08-14 18:33:12','2016-08-14 18:33:12'),(24,1,27,NULL,50,1,NULL,NULL,NULL,'2016-08-15 10:34:13','2016-09-14 06:48:54'),(25,1,25,NULL,50,1,NULL,NULL,NULL,'2016-08-15 10:34:50','2016-09-14 06:49:01'),(28,1,30,NULL,95,1,8,NULL,NULL,'2016-08-18 04:44:42','2016-09-25 17:49:02'),(29,1,31,NULL,50,0,100,NULL,'','2016-08-18 04:53:33','2016-08-18 12:15:51'),(30,1,32,NULL,50,1,7,NULL,NULL,'2016-08-18 05:18:10','2016-09-25 17:48:51'),(31,1,33,NULL,50,1,1,NULL,NULL,'2016-08-18 05:22:28','2016-09-28 09:19:42'),(32,1,34,NULL,50,1,1,NULL,NULL,'2016-08-18 05:24:07','2016-09-28 09:15:24'),(33,1,35,NULL,50,0,1,NULL,NULL,'2016-08-18 05:24:41','2016-08-18 05:24:41'),(34,1,36,NULL,50,0,1,NULL,NULL,'2016-08-18 13:09:47','2016-08-18 13:09:47'),(35,1,37,NULL,50,0,1,NULL,NULL,'2016-08-18 13:12:58','2016-08-18 13:12:58'),(37,1,8,NULL,50,1,NULL,NULL,NULL,'2016-08-23 16:49:38','2016-09-02 23:36:41'),(38,1,12,NULL,50,1,NULL,NULL,NULL,'2016-08-23 16:50:09','2016-09-02 23:36:37'),(39,1,11,NULL,50,1,NULL,NULL,NULL,'2016-08-23 16:51:12','2016-09-02 23:36:47'),(40,1,13,NULL,50,1,NULL,NULL,NULL,'2016-08-23 17:00:54','2016-09-02 23:36:44'),(41,2,42,NULL,50,0,1,NULL,NULL,'2016-08-24 19:09:43','2016-08-24 19:09:43'),(47,1,3,NULL,50,0,701,NULL,'','2016-08-25 09:59:00','2016-08-25 10:16:49'),(49,1,23,NULL,50,1,NULL,NULL,NULL,'2016-09-04 12:34:42','2016-09-07 16:42:07'),(88,1,29,NULL,5,0,NULL,NULL,NULL,'2016-09-05 02:16:27','2016-09-11 22:21:27'),(89,1,47,NULL,50,1,NULL,NULL,NULL,'2016-09-06 15:46:31','2016-09-07 16:30:00'),(92,1,26,NULL,5,0,NULL,NULL,NULL,'2016-09-09 15:47:31','2016-09-11 22:21:38'),(94,1,10,NULL,50,0,NULL,NULL,NULL,'2016-09-09 15:50:01','2016-09-09 15:50:01'),(102,1,39,NULL,50,0,NULL,NULL,NULL,'2016-09-10 02:06:57','2016-09-10 02:06:57'),(103,1,17,NULL,50,0,NULL,NULL,NULL,'2016-09-16 19:12:32','2016-09-16 19:12:32'),(105,1,48,NULL,50,0,NULL,NULL,NULL,'2016-09-19 20:19:20','2016-09-19 20:19:20'),(106,1,49,NULL,50,0,NULL,NULL,NULL,'2016-09-19 20:19:56','2016-09-19 20:19:56'),(107,1,50,NULL,50,0,NULL,NULL,NULL,'2016-09-19 20:20:51','2016-09-19 20:20:51'),(108,1,51,NULL,50,0,NULL,NULL,NULL,'2016-09-19 20:21:10','2016-09-19 20:21:10'),(110,1,28,NULL,50,0,NULL,NULL,NULL,'2016-09-19 21:46:48','2016-09-19 21:46:48'),(182,1,24,NULL,50,0,NULL,NULL,NULL,'2016-09-22 15:59:36','2016-09-22 15:59:36'),(184,1,42,NULL,50,0,NULL,NULL,NULL,'2016-09-23 04:52:14','2016-09-28 09:41:31'),(230,1,41,NULL,50,1,NULL,NULL,NULL,'2016-09-24 01:40:55','2016-10-01 08:46:40'),(266,1,43,NULL,50,0,NULL,NULL,NULL,'2016-09-28 07:15:33','2016-09-28 09:44:36'),(316,1,NULL,'non-product',50,1,NULL,NULL,NULL,'2016-10-06 14:39:51','2016-10-06 15:05:24');
/*!40000 ALTER TABLE `items` ENABLE KEYS */;
UNLOCK TABLES;

--
-- Dumping data for table `lists`
--

LOCK TABLES `lists` WRITE;
/*!40000 ALTER TABLE `lists` DISABLE KEYS */;
INSERT INTO `lists` (`id`, `name`, `description`, `image_id`, `notes`, `created_at`, `updated_at`) VALUES (1,'Super Num Nums',NULL,NULL,'Mainline num nums for fun nourishment and also maybe Partyrama 2016 because mew mew mew jew jew jew mew mew mew jew jew jew mew mew mew jew jew jew mew mew mew jew jew jew mew mew mew jew jew jew mew mew mew jew jew jew','2016-06-30 03:53:26','2016-09-21 20:25:08'),(2,'Kitty Kat Stuffs',NULL,NULL,'Num nums and fun for Kitten Kitten','2016-06-30 20:01:35','2016-09-21 20:25:32'),(3,'Blarg',NULL,NULL,NULL,'2016-07-28 04:43:16','2016-09-21 20:25:43'),(9,'\"List that\'s \'like\' a list\"',NULL,NULL,'\"Fuck off\" --Me','2016-08-24 12:40:17','2016-09-21 20:25:49'),(17,'nigs',NULL,NULL,NULL,'2016-09-27 15:58:31','2016-09-27 15:58:31');
/*!40000 ALTER TABLE `lists` ENABLE KEYS */;
UNLOCK TABLES;

--
-- Dumping data for table `notes`
--

LOCK TABLES `notes` WRITE;
/*!40000 ALTER TABLE `notes` DISABLE KEYS */;
INSERT INTO `notes` (`id`, `title`, `description`, `content`, `image_id`, `created_at`, `updated_at`) VALUES (1,'Stuff',NULL,'Super important shit\r\n\r\n- buy fun shit\r\n- install fun shit\r\n- give\'r on fun shit\r\n\r\n',NULL,'2016-09-21 23:35:34','2016-10-04 07:03:07'),(3,'Blah Blah Blah','blargitty','bilawebuilefwabfewabcjkedaqwaedfqw1234567890-=-=-=-=-=-=-=\r\n;\';\';\'',NULL,'2016-09-21 23:59:44','2016-09-23 19:56:22');
/*!40000 ALTER TABLE `notes` ENABLE KEYS */;
UNLOCK TABLES;

--
-- Dumping data for table `permissions`
--

LOCK TABLES `permissions` WRITE;
/*!40000 ALTER TABLE `permissions` DISABLE KEYS */;
INSERT INTO `permissions` (`id`, `user_id`, `object_id`, `object_type`, `permissions`, `created_at`, `updated_at`) VALUES (1,1,1,1,'|LC|LE|LD|LIC|LIA|LIE|LID|','0000-00-00 00:00:00','2016-10-05 07:40:49'),(2,2,1,1,'|LIC|LIA|LIE|LID|','0000-00-00 00:00:00','0000-00-00 00:00:00'),(3,1,2,1,'|A|U|','0000-00-00 00:00:00','0000-00-00 00:00:00'),(4,2,2,1,'|C|A|','0000-00-00 00:00:00','0000-00-00 00:00:00'),(5,1,3,1,'|U|','0000-00-00 00:00:00','0000-00-00 00:00:00'),(6,1,17,1,'|C|','0000-00-00 00:00:00','0000-00-00 00:00:00'),(7,1,1,2,'|NC|NE|ND|','0000-00-00 00:00:00','0000-00-00 00:00:00'),(8,3,3,2,'|C|','0000-00-00 00:00:00','0000-00-00 00:00:00'),(9,3,1,1,'|LIC|','0000-00-00 00:00:00','0000-00-00 00:00:00');
/*!40000 ALTER TABLE `permissions` ENABLE KEYS */;
UNLOCK TABLES;

--
-- Dumping data for table `products`
--

LOCK TABLES `products` WRITE;
/*!40000 ALTER TABLE `products` DISABLE KEYS */;
INSERT INTO `products` (`id`, `user_id`, `description`, `size`, `model`, `upc`, `origin`, `image_id`, `notes`, `created_at`, `updated_at`) VALUES (1,NULL,'Bag of num nums','35kg',NULL,NULL,NULL,NULL,NULL,'2016-06-30 03:58:41','2016-09-18 00:27:10'),(2,NULL,'Box of num nums','Box of 50 num nums',NULL,NULL,'',NULL,'Only dumb assholes get in the box','2016-06-30 03:59:03','2016-07-22 06:54:59'),(3,NULL,'Jar of _-**-_ Num NumZ _-**-_','270µg × 1,000,000',NULL,NULL,NULL,NULL,'Stay positive','2016-07-04 18:45:55','2016-08-02 06:10:06'),(4,NULL,'Can of num nums','500L',NULL,NULL,NULL,NULL,'','2016-07-04 19:24:34','2016-07-04 19:24:34'),(6,NULL,'Bin of num nums','4T',NULL,NULL,NULL,NULL,'','2016-07-04 19:51:19','2016-07-04 19:51:19'),(7,NULL,'Shipping container of num nums and stuff and invasive species','100T',NULL,NULL,NULL,NULL,'Don\'t panic, Canada Border Services Agency won\'t notice','2016-07-04 19:52:19','2016-08-26 19:50:28'),(8,NULL,'Kitty Kat Kibbles','35lbs',NULL,NULL,NULL,NULL,'','2016-07-05 00:05:06','2016-08-06 08:12:42'),(9,NULL,'Mystery bonus','><><  Magical  ><><',NULL,NULL,NULL,NULL,'','2016-07-06 04:22:29','2016-08-25 14:11:39'),(10,NULL,'Kitty Kat Give\'r Tree','6\'',NULL,NULL,NULL,NULL,NULL,'2016-08-05 23:21:16','2016-09-06 20:47:17'),(11,NULL,'Kitty Kat Shitter Hut','Large',NULL,NULL,NULL,NULL,'','2016-08-05 23:24:55','2016-08-06 08:12:51'),(12,NULL,'Kitty Kat Katnip','5g',NULL,NULL,NULL,NULL,'','2016-08-05 23:26:00','2016-08-06 08:12:36'),(13,NULL,'Kitty Kat Shitter Gravel','12kg',NULL,NULL,NULL,NULL,'','2016-08-05 23:26:51','2016-08-06 08:12:47'),(14,NULL,'Big slab of steak','The bigger the better',NULL,NULL,NULL,NULL,'','2016-08-06 00:39:02','2016-08-06 06:33:42'),(15,NULL,'New Num nums','40',NULL,NULL,NULL,NULL,'This is new','2016-08-06 00:44:39','2016-08-06 00:44:39'),(16,NULL,'This is new','0',NULL,NULL,NULL,NULL,'','2016-08-06 00:50:39','2016-08-06 00:50:39'),(17,NULL,'Bin of num nums','1T',NULL,NULL,NULL,NULL,'','2016-08-06 05:23:44','2016-08-06 05:23:44'),(23,NULL,'Something',NULL,NULL,NULL,NULL,NULL,NULL,'2016-08-15 08:23:14','2016-08-15 08:23:14'),(24,NULL,'Something else',NULL,NULL,NULL,NULL,NULL,NULL,'2016-08-15 08:30:15','2016-08-15 08:30:15'),(25,NULL,'Garbage Juice','1 bag',NULL,NULL,NULL,NULL,'Squeeze the bag for the best mix','2016-08-15 10:28:43','2016-08-25 14:16:40'),(26,NULL,'GarbageJuice',NULL,NULL,NULL,NULL,NULL,NULL,'2016-08-15 10:31:46','2016-08-15 10:31:46'),(27,NULL,'Fresh Garbage Juice',NULL,NULL,NULL,NULL,NULL,NULL,'2016-08-15 10:34:13','2016-08-15 10:34:13'),(28,NULL,'Mush',NULL,NULL,NULL,NULL,NULL,NULL,'2016-08-15 10:36:43','2016-08-15 10:36:43'),(29,NULL,'Douche Bag',NULL,NULL,NULL,NULL,NULL,NULL,'2016-08-17 05:34:59','2016-08-17 05:34:59'),(30,NULL,'Cocaine','8-ball',NULL,NULL,NULL,NULL,'','2016-08-18 04:32:15','2016-08-18 04:33:00'),(31,NULL,'LSD','1 tab',NULL,NULL,NULL,NULL,'','2016-08-18 04:53:33','2016-08-18 12:16:19'),(32,NULL,'Marijuana','1g',NULL,NULL,NULL,NULL,'','2016-08-18 05:18:10','2016-08-18 12:17:41'),(33,NULL,'Meth',NULL,NULL,NULL,NULL,NULL,NULL,'2016-08-18 05:22:28','2016-08-18 05:22:28'),(34,NULL,'MDMA',NULL,NULL,NULL,NULL,NULL,NULL,'2016-08-18 05:24:07','2016-08-18 05:24:07'),(35,NULL,'Mushrooms',NULL,NULL,NULL,NULL,NULL,NULL,'2016-08-18 05:24:41','2016-08-18 05:24:41'),(36,NULL,'Heroin',NULL,NULL,NULL,NULL,NULL,NULL,'2016-08-18 13:09:47','2016-08-18 13:09:47'),(37,NULL,'Speed',NULL,NULL,NULL,NULL,NULL,NULL,'2016-08-18 13:12:58','2016-08-18 13:12:58'),(38,2,'Shit me nots',NULL,NULL,NULL,NULL,NULL,NULL,'2016-08-19 03:16:46','2016-08-19 03:16:46'),(39,NULL,'Corn!!!','',NULL,NULL,NULL,NULL,'','2016-08-24 11:33:07','2016-08-24 13:35:37'),(40,2,'GD Glitter',NULL,NULL,NULL,NULL,NULL,NULL,'2016-08-24 17:14:12','2016-08-24 17:14:12'),(41,NULL,'Corn',NULL,NULL,NULL,NULL,NULL,NULL,'2016-08-24 17:15:53','2016-08-24 17:15:53'),(42,NULL,'\"Stuff\"',NULL,NULL,NULL,NULL,NULL,NULL,'2016-08-24 19:09:23','2016-08-24 19:09:23'),(43,NULL,'Smoked meat',NULL,NULL,NULL,NULL,NULL,NULL,'2016-09-04 12:35:55','2016-09-04 12:35:55'),(44,NULL,'meow',NULL,NULL,NULL,NULL,NULL,NULL,'2016-09-04 12:54:17','2016-09-04 12:54:17'),(45,NULL,'meow?',NULL,NULL,NULL,NULL,NULL,NULL,'2016-09-04 14:00:12','2016-09-04 14:00:12'),(46,1,'nignogs',NULL,NULL,NULL,NULL,NULL,NULL,'2016-09-04 15:07:44','2016-09-04 15:07:44'),(47,NULL,'Buns - D\'Italiano',NULL,NULL,NULL,NULL,NULL,NULL,'2016-09-06 15:46:31','2016-09-06 15:46:31'),(48,NULL,'Partyables',NULL,NULL,NULL,NULL,NULL,NULL,'2016-09-19 20:19:20','2016-09-19 20:19:20'),(49,NULL,'Partiables',NULL,NULL,NULL,NULL,NULL,NULL,'2016-09-19 20:19:56','2016-09-19 20:19:56'),(50,NULL,'Fun shit',NULL,NULL,NULL,NULL,NULL,NULL,'2016-09-19 20:20:51','2016-09-19 20:20:51'),(51,NULL,'Fun stuff',NULL,NULL,NULL,NULL,NULL,NULL,'2016-09-19 20:21:10','2016-09-19 20:21:10'),(52,NULL,'Bag of',NULL,NULL,NULL,NULL,NULL,NULL,'2016-09-19 20:40:40','2016-09-19 20:40:40'),(59,1,'nigs',NULL,NULL,NULL,NULL,NULL,NULL,'2016-09-23 06:45:49','2016-09-23 06:45:49');
/*!40000 ALTER TABLE `products` ENABLE KEYS */;
UNLOCK TABLES;

--
-- Dumping data for table `users`
--

LOCK TABLES `users` WRITE;
/*!40000 ALTER TABLE `users` DISABLE KEYS */;
INSERT INTO `users` (`id`, `username`, `password_digest`, `settings`, `name`, `phone`, `email`, `image_id`, `notes`, `recent`, `last_login_at`, `created_at`, `updated_at`) VALUES (1,'escm','$2a$10$KwuCr.UPtvKB6FcL/IMbuuHSjEmTDxNoK/sLE1lnLvgoo7Baj.KbK','|su|','g4rb4g3_ju1c3','666-7734','4@2.0',NULL,'Don\'t fuck with the admins. They have guns and shit.',NULL,NULL,'2016-09-05 22:26:33','2016-10-04 09:02:36'),(2,'Marshmallow Mommy','$2a$10$kw13BAmlzHdUrJ2pDnFz2uOxgVSFYFtHahy4gTwHEgyDdgwAd2yPm',NULL,'Marshmallow Mommy','',NULL,NULL,NULL,NULL,NULL,'2016-09-05 23:52:57','2016-09-05 23:52:57'),(3,'testy test test test','$2a$10$n4Tczt/yvtxQCn2z4BMi/.CXic1aQ7MC5A9rht1WcroYKxn/1Rl92',NULL,'name name','+1 666-123-4567','blackhole@escm.port0.org',NULL,'\'note \"note note note note note note note note note note note note note note note note note note note note',NULL,NULL,'2016-09-05 23:53:41','2016-10-04 09:07:09');
/*!40000 ALTER TABLE `users` ENABLE KEYS */;
UNLOCK TABLES;

--
-- Dumping data for table `vendors`
--

LOCK TABLES `vendors` WRITE;
/*!40000 ALTER TABLE `vendors` DISABLE KEYS */;
INSERT INTO `vendors` (`id`, `user_id`, `name`, `info`, `image_id`, `notes`, `created_at`, `updated_at`) VALUES (1,NULL,'Metro',NULL,NULL,'The usual','2016-07-06 04:42:12','2016-07-21 21:39:28'),(2,NULL,'Loblaws',NULL,NULL,'','2016-07-06 04:44:28','2016-07-06 04:44:28'),(3,NULL,'Sobey\'s',NULL,NULL,'RIBS!','2016-07-21 22:10:03','2016-08-02 01:50:56'),(4,NULL,'Ghetto Mart',NULL,NULL,'Last resort','2016-07-22 15:51:21','2016-07-22 15:51:21'),(5,NULL,'Costco',NULL,NULL,'','2016-08-06 00:38:35','2016-08-06 00:38:35'),(8,2,'The Shit-me-not Emporium',NULL,NULL,'GD crafty bullshit','2016-08-18 02:56:02','2016-09-19 05:51:21'),(9,1,'Drugs-O-Rama',NULL,NULL,NULL,'2016-08-18 12:13:04','2016-08-18 12:13:04'),(13,NULL,'Corn \'Я\' Us',NULL,NULL,'','2016-08-24 11:33:51','2016-09-03 20:35:06');
/*!40000 ALTER TABLE `vendors` ENABLE KEYS */;
UNLOCK TABLES;
/*!40103 SET TIME_ZONE=@OLD_TIME_ZONE */;

/*!40101 SET SQL_MODE=@OLD_SQL_MODE */;
/*!40014 SET FOREIGN_KEY_CHECKS=@OLD_FOREIGN_KEY_CHECKS */;
/*!40101 SET CHARACTER_SET_CLIENT=@OLD_CHARACTER_SET_CLIENT */;
/*!40101 SET CHARACTER_SET_RESULTS=@OLD_CHARACTER_SET_RESULTS */;
/*!40101 SET COLLATION_CONNECTION=@OLD_COLLATION_CONNECTION */;
/*!40111 SET SQL_NOTES=@OLD_SQL_NOTES */;

-- Dump completed on 2016-10-06 22:15:14
